,0,1,2,3,4,5,6,7,8,9,10,11,12,13,14,15,16,17,18,19,20,21,22,23,24,25,26,27,28,29,30,31,32,33,34,35,36,37,38,39,40,41,42,43,44,45,46,47,48,49,50,51,52,53,54,55,56,57,58,59,60,61,62,63,64,65,66,67,68,69,70,71,72,73,74,75,76,77,78,79,80,81,82,83,84,85,86,87,88,89,90,91,92,93,94,95,96,97,98,99,img
0,0.8002475,-0.0488255,-0.9835079,-0.23139125,-0.727709,0.023131685,-0.278421,-0.104351774,0.4321397,0.1555882,0.0031461352,0.34243467,0.57073283,-0.25828236,-0.21955554,-0.6092595,2.1240866,2.2501268,0.3744292,-1.2313999,-0.030809317,1.6040199,-1.183059,1.5672724,-0.59874713,-1.3093495,0.04731809,-0.47489512,-2.0116768,0.9496394,-0.41734776,-0.5357544,-0.7927889,0.41128564,-0.58445626,-0.33381435,-1.8031739,0.1588903,-1.4735644,0.8997196,0.44814733,0.07004243,0.0025156713,-0.0008260044,0.87520903,0.49036404,0.10782925,-2.884851,-1.2139572,-1.7774028,3.138441,1.4345254,1.8294983,0.2615946,-0.30761752,-1.7223194,-1.2361404,-0.15960318,-1.1043901,0.35996127,-1.7128552,-0.03561439,1.3467181,1.2929301,-0.22404216,-1.0584755,0.9102461,-1.2857718,-0.050125286,-0.43361858,-0.4161261,1.1153185,0.4824336,-0.02842297,0.5296488,-0.99307483,0.3263748,0.8678806,-0.1479981,1.1503234,-0.27362868,-2.086492,0.8856657,-0.27734503,-1.7313585,-0.9901906,0.048550088,0.5554463,0.13456662,0.6892414,-1.7460124,-0.77120245,-0.31286266,0.24762146,0.23155884,0.08673765,1.2670144,-0.19594207,-1.0685948,0.23348525,000001.jpg
1,0.5489162,-0.39530757,-1.0119388,0.19602433,0.50849724,1.4635725,1.2299055,0.63892895,-0.72396684,-0.851435,0.41982958,-0.7444923,1.175446,0.4607129,1.332582,-1.54494,-0.40916744,0.79040056,0.25535187,-0.6758523,1.5215005,-1.8295711,-0.72354466,-1.3211981,-1.3455272,-0.963945,0.16801628,0.059501503,0.9772271,-0.5707375,-0.76913595,0.36877948,-1.0004636,-1.0824543,0.12578464,-0.4484615,0.2283978,1.4833704,0.62049574,-1.2706461,2.270178,-0.30215394,-0.6980164,0.70352036,1.3457675,0.11151686,1.1259534,-0.5163787,-0.16811915,-1.1768653,0.9883467,1.052378,0.9211956,1.9716848,-0.5842101,1.2337114,0.2133558,1.1165147,2.2916927,2.0719678,1.2779262,1.9841065,1.2707927,0.14440684,-0.61977154,-1.304379,-0.7588489,-0.2804417,1.284373,0.22667198,0.009548115,-0.43852526,1.3357878,-0.4993708,-1.2671571,-0.62406236,1.0284616,-0.5435573,-0.4960052,0.52360487,0.5497422,0.57148236,-0.67227525,-0.08631635,0.43952563,-2.2011673,0.379368,-1.1494182,-0.035478335,1.2666955,-0.8905948,0.7536226,0.45145333,-0.002852944,0.2209542,-2.138557,-0.77764344,1.1365815,-0.8902741,-0.31369537,000002.jpg
2,-1.3549106,0.014295152,-0.3692106,-0.93527025,-0.32751656,0.48744082,0.19154371,-0.6456643,0.19810203,0.41116175,0.101094276,-0.04460395,-0.044308115,0.20650186,-0.8834503,-0.49517438,1.5874549,-1.0253209,0.6027802,0.4631406,2.7030447,0.4242417,-1.2622609,0.2625192,-0.78812397,-0.032019533,1.1729933,-0.024954902,0.094387405,-0.6224233,-0.674345,0.07653091,0.6988981,0.5938617,-1.0444169,-0.28743628,0.3782444,1.0317795,0.3510622,-1.3102293,0.59828943,0.7588761,-0.026189161,-0.40352008,-0.02598629,-0.15936801,-0.4987297,-0.8257693,-0.64098954,-1.6109477,0.3223553,-1.5533665,-1.2333087,-1.4733049,-0.5602684,-0.1715045,0.06967353,0.2502256,1.4073057,-1.272409,0.10322823,-1.3811748,0.6862073,0.3845426,-0.66983175,0.42652595,3.0992522,-1.5550394,0.13280624,-0.59314877,-0.9808155,-0.93181455,-1.1158122,-1.3194395,0.3559622,-0.20278752,1.2241877,-1.5815226,0.73352575,1.0428778,1.6027968,-0.52430665,-0.6593039,1.0760813,0.5771472,-0.4301818,2.5468168,-1.0913291,-0.16282511,0.19115095,-0.48710003,-0.15506756,-2.2255387,0.59333074,-0.7240694,-0.48434222,0.54548097,0.24190393,0.730302,-0.3196183,000003.jpg
3,0.25002542,0.24869561,0.28000647,0.335786,-0.44685924,-0.28752494,-1.3055196,0.61389107,-1.460869,1.2304577,-1.7045344,0.19838001,-0.9332474,-0.35050458,1.0403855,-0.217817,-0.96159065,-0.6851432,0.49390888,1.1888711,1.3552046,0.2790842,-1.0151782,0.2897324,-0.07552667,-1.010466,-0.16834852,-1.2594734,-1.1892452,1.2170306,0.3337973,0.37073648,-0.67827725,-0.51590145,-1.5076771,0.2598744,-1.4529946,-0.07957481,1.2701308,-0.5319488,0.026018756,1.1028583,0.66101813,-0.63811266,0.17433757,-0.15905993,-2.802092,1.1201079,0.20564936,-0.4727809,-1.5886954,-1.669197,-0.9795039,1.8546438,0.7225584,0.53967017,1.1832546,2.376304,-1.1613923,0.6404384,0.47030187,-2.0766442,-0.45606804,-0.37319332,1.5228645,1.0038309,0.41393873,0.59654874,0.28504828,-1.7412009,1.3249314,0.1466414,-1.2492334,-1.2909645,-0.6047307,-0.3279215,-1.1405369,0.617797,-0.6945885,-0.114241675,0.41042128,-0.17575644,-1.4090747,2.145727,0.37478825,0.8325112,1.2634717,1.5629236,2.5599887,1.1990656,0.1587374,-1.7050097,0.26344064,-0.44348955,0.8068185,1.3512051,-0.8133328,-0.96430546,-0.79332787,-1.3343982,000004.jpg
4,-2.5238159,1.7897274,-0.5910281,-1.9193655,-0.2593012,-1.6597788,1.4004902,-0.0059305257,0.21575677,0.31077123,0.8054526,-1.5514052,-0.39266494,1.1914699,0.21984424,-0.026990239,-0.14240387,0.9694301,1.2388209,0.12597959,-0.055398505,0.92747974,-0.22403912,-0.06338247,-0.46438277,-0.91004324,1.4357767,-1.5905969,2.4717524,-0.36206007,-0.9889843,-0.522542,-0.096216284,-0.8091038,-0.0056861783,1.5274904,1.407948,-1.6693689,0.7707722,0.06357231,-0.37708881,0.7325934,-1.0501946,-1.148487,-0.41514516,-0.2560022,-0.20211564,-1.2548308,0.9058723,-0.8348438,-0.8241387,-1.0835723,-0.5946949,0.9735159,1.6560935,1.0020331,-0.52613103,-0.15162912,1.0293235,-1.2223091,0.1476114,-0.51169086,0.19768424,-2.056631,0.9599281,2.0760882,1.4824839,0.6968015,-1.764821,-0.50929326,1.3936809,0.1080309,1.7209218,0.70777565,0.25414607,0.11831468,-1.4711609,-0.25057152,0.022179412,-0.5296301,-0.20464969,0.1393415,-0.34344915,-1.7408077,1.3485345,-0.71712184,1.1764405,0.8240789,0.0023012687,-1.0927716,0.8155841,-0.9290954,1.3288159,2.4721768,-0.57934654,-0.4198688,-0.7440592,-1.416426,-0.34163204,1.2136998,000005.jpg
5,-0.85438275,-1.3581254,-1.3443319,0.42814994,-0.86566967,0.589017,-2.6300662,-1.0433182,-1.0736206,1.4930387,0.90935284,-0.8175637,-0.93508697,1.4721285,-1.6871029,-0.24336557,0.7654253,-0.8849109,0.012735746,-0.13472052,-1.4662154,0.6561468,0.27705258,-1.48508,1.2030739,0.52992475,-2.0184834,0.9590995,0.5041551,0.5248921,-0.58453447,-0.42382312,1.211349,-0.24671046,-0.84067726,-0.52813846,-0.13810317,-0.58511466,-0.5924305,-0.6283883,-1.7133672,0.6148312,1.2783566,-0.76846564,0.39774534,0.3174324,-1.0584948,0.25076416,-0.97979057,-0.25282505,0.7173673,1.4882007,0.27959362,0.10580492,-0.39414173,-1.357243,0.64713126,-0.57637393,1.1635559,0.48359513,-1.0352511,0.20879188,0.28673598,-0.050105095,1.5405291,-1.0465897,-0.4764871,-0.53522867,-0.90760815,0.3996693,0.3441188,1.1157335,1.7489836,-0.013089544,0.2300156,-0.16376996,-0.08307708,1.8628768,-0.73046756,2.0149379,-0.09087715,-0.7211263,0.27848387,-0.16330981,-0.67800367,-1.5736227,-0.14779311,-0.09472749,-1.4773308,0.3108061,0.17882635,-1.8377762,0.93422085,0.25743097,-0.21281157,-0.18272585,0.32768798,1.0126125,-0.5632804,-1.2117847,000006.jpg
6,2.1828077,-0.62265795,-0.8189455,-0.25316286,0.16815841,-0.025100019,0.5375869,0.09637444,-1.2808316,-1.5391542,0.22679028,-0.023588574,0.6325188,-1.1300395,2.1295505,1.0796105,-0.19464634,-0.6986543,1.2399027,0.17666419,-0.00651623,0.22975922,-1.4454147,-0.8871568,-0.59497654,1.6186543,-1.9899267,-1.7570237,2.2092154,-0.39551708,-0.31222668,0.1415628,0.29058063,0.29827517,-0.09420595,0.13422012,0.19777367,-1.4246571,-1.1829009,-0.3050643,-0.4001613,-0.081540406,0.14662245,-1.245264,0.6209286,-0.7059447,0.15282066,0.95327336,0.32433626,-0.75875396,1.2038438,-0.30926716,0.03821722,-0.24606632,0.95545024,-0.96471363,0.69239414,1.0748584,-0.044401255,0.71290874,0.4128013,0.34593916,-0.106674656,-0.21430342,-1.311797,1.6840843,2.1921253,-0.118934594,-0.6306843,-1.2616353,-1.0199609,1.6756883,1.2004051,-1.3827655,0.53026384,1.1315309,-0.80214435,0.98511386,-0.7691839,-0.5706074,-0.5528329,1.1316994,0.41086775,0.3229829,0.787713,-0.33930272,0.21769097,1.7675734,-0.81349015,0.27002522,0.037001837,0.15824357,-0.91399544,0.38747203,1.0421754,0.6399221,0.58536476,1.2824137,0.34328902,-1.3888091,000007.jpg
7,-0.0822922,-0.02498005,-1.0156852,-0.7943771,0.12524116,-1.2964646,-1.3526617,0.7167047,-0.66415024,-0.5087091,-0.58844465,-0.98424274,-1.8927443,0.24042802,2.0532734,-0.75457895,0.9671839,0.2300051,1.8996644,0.49711233,-0.16471094,0.2687811,-0.35241315,1.7121207,-1.4174036,-1.1391454,-0.3895134,0.6355852,0.80742806,-1.8576981,-0.064687625,-0.868457,-0.15838863,-0.10333171,-0.6935758,1.0599662,-0.8491611,-0.24856943,-0.9640015,0.27003458,-0.40101704,-1.1659771,-0.7488549,-1.0842762,0.4689134,-2.2574763,-2.32619,-0.9528442,-0.8064821,-1.7117189,-0.9451451,-0.71580595,1.5240359,0.8122787,-1.0583347,-0.32482246,-1.0526721,-0.8328867,0.48482504,-0.41997087,1.4933505,-0.67578816,1.500775,-0.30542096,-1.3491025,1.7284958,1.8998736,-0.6775434,0.91317075,1.0064917,0.52494705,0.2655417,0.48426706,0.9385047,0.7997666,0.037347637,-1.8933377,-0.26575726,-1.0393645,0.039957017,0.46775356,0.15514243,-1.4070873,0.26676804,0.8059834,-1.2218772,1.3622476,1.208441,-0.69519514,0.10025816,1.8701098,-0.60687834,0.37914613,-1.2233424,0.6205156,-0.058453143,1.037897,0.7446587,1.3687265,1.4254311,000008.jpg
8,-0.32389072,1.0990798,0.50182813,-1.8825415,0.42381424,-1.8413248,-0.82156944,0.4891932,1.0034834,0.77624476,1.4595134,-1.3550963,-0.112661004,-0.94263905,-0.6101935,0.0762918,-0.6614355,0.2963277,0.16617674,0.66204077,0.23357432,-0.7536393,-0.05275983,-0.05846561,-0.17766562,-0.46256378,1.0328451,-0.04236563,-0.6418025,-0.18519862,0.25423098,-0.05453588,-1.340181,0.43834153,0.760065,1.8812277,-0.4334446,0.33915356,-0.53094196,0.32266808,-1.0617416,0.75724894,1.9028326,-1.7066994,1.0534209,-0.2835955,1.0634663,0.32502818,-1.2208873,-1.6700722,-0.9975947,0.57705206,-0.45456296,0.84079593,0.08241757,-0.23903777,-2.8362718,-0.44304356,-0.42784795,1.3135936,-1.0493071,0.7423327,0.6554009,-2.0824823,0.22813183,0.09594821,-0.75158006,0.26720798,-1.5773209,-1.1054521,0.24501824,1.3649937,1.6368026,-2.2404237,-0.08097122,-1.1343807,0.4993098,0.99835557,0.7408888,0.2129731,0.24824877,-0.6015162,-0.55784225,1.3718456,1.0217514,0.21589819,-0.22367845,0.20586982,-0.24689762,-0.22316489,-1.0554929,-0.62352544,-0.7231083,-2.6837318,-1.5674626,-1.9025316,-0.6902686,-0.8378242,-1.5058105,-0.665014,000009.jpg
9,-0.39646396,-0.8533609,0.47062734,-0.92002416,0.14063504,-0.4421201,-0.3440409,0.5604549,0.5498821,1.6771623,0.5289688,0.74592084,-1.504858,0.03195099,0.99385685,0.033391234,1.0586655,0.020234602,-1.6938648,-0.38534304,0.4218562,0.15423954,1.724538,-0.86783993,-0.53308684,-2.191104,0.32406878,6.0435077e-06,0.6834171,0.070728,-0.408739,0.3607254,1.8655969,-0.25351006,-0.9905551,0.32741675,1.9471413,2.288205,-0.85244405,-0.1238848,-0.7798002,-0.8548089,1.8497263,-1.441449,1.9628713,-0.11614331,0.8655773,-1.2693206,-0.7617131,2.1272583,1.3153344,1.309377,-0.443732,-0.91676706,-0.7442185,-0.26754627,2.748912,-0.879615,-1.3492128,0.5825373,0.8052399,0.760104,-1.2296056,0.7419593,1.057864,-0.49550912,1.3289278,-1.9073489,-0.16594745,-0.8468218,1.1614624,-1.4611611,0.21189098,-0.2250994,-1.3922194,0.41277638,-0.6280203,-0.2721492,1.0024163,-1.3167887,0.87006307,0.9944065,0.476426,-0.31683016,-0.23016497,0.41906703,-0.70262164,1.356104,1.8875191,0.6193093,-0.3994821,0.9503658,-0.28498462,0.62690514,-1.4782555,0.3528198,0.4845529,0.25869182,-0.28788438,2.3996253,000010.jpg
10,-0.03474708,0.32613677,0.44982356,-1.8960212,-0.31023538,-1.0812048,-1.2734177,-0.76804495,0.32819715,-1.4771149,-0.047309626,2.2995117,-0.15613414,2.1178174,-0.8077379,-0.9097888,-0.7462923,0.59490824,0.18650067,1.5806383,-0.6679664,-0.38093486,-0.9821913,0.23621179,0.25011605,-0.7960629,1.0873289,0.7333113,-0.5669113,0.5912576,-0.88994074,1.1597947,1.0457344,1.8587589,-0.36203277,-0.9164001,-0.38657436,1.0947131,-0.027539965,-1.9210784,0.15939374,0.8939796,-0.75621027,0.7913436,-0.21014607,0.15843554,-0.65521526,1.127447,0.6231683,0.50653166,1.4388605,-1.0612215,-1.3313323,1.1664215,-0.9048034,1.0288517,-0.6135922,1.7493577,-0.12159048,-1.755003,-0.19253507,-1.0839571,1.6978773,-0.324773,-1.0206726,0.46534097,-0.3619003,0.66755265,-0.60090995,1.0414693,-1.0523059,-0.70494324,-1.515297,0.8332245,-0.07099291,-0.47398543,-0.74124104,1.1734804,0.3009064,0.92321146,0.81503373,0.21518028,1.2556927,-0.9243921,0.36690527,-0.09137618,-0.71455055,1.0366833,0.7523556,-1.6415515,0.1160146,-0.6649486,-0.27598712,0.8686653,-0.42379117,1.3451833,0.043995257,-0.74650806,-1.6185365,-0.6874637,000011.jpg
11,1.5488664,0.040549826,-0.12277164,-0.05499767,0.38996515,1.4402492,0.124891095,-1.4849927,0.10894654,1.5081018,-1.3948677,-0.5603283,-0.48143274,0.28600708,0.9821972,-0.57422745,-0.19028358,1.5174195,-0.65465164,0.027459493,-0.6902743,-0.13703872,0.05921772,-1.1250188,-0.69662005,1.3602307,-1.5794857,0.653764,0.3504583,0.38229114,0.28780028,1.2057986,2.4730208,0.054153845,-0.18033236,0.46809563,0.5728098,-0.40844777,-1.2796828,1.7853205,1.0844318,0.5802277,0.05700724,1.7750827,0.050611377,-0.45670137,-0.2942804,1.0436373,0.035296652,0.9076713,1.3300675,0.19379255,0.26410145,-0.25302443,-0.3115807,0.95596844,1.1239526,-1.1366146,1.0462033,2.3494763,-0.8386763,-0.5450195,2.4889288,-0.8216335,-0.36672002,0.24410428,-0.99888587,-0.88985753,1.4980079,-1.0210304,0.15039709,-0.22180781,-1.343557,0.35367125,0.13240758,1.3489178,-2.2187827,-0.7361617,-1.273461,1.1253738,1.1220479,2.0233452,1.4261322,0.24510016,1.7053283,-0.9012661,0.92561686,-0.6238521,-0.17572886,-0.10281544,-0.28146955,-0.80040723,-1.1720563,-0.49336022,-0.22072247,-1.1761467,-0.012607636,-1.2522181,-0.35062033,0.88955826,000012.jpg
12,0.4242643,0.43205276,1.9553827,0.07462401,1.5302138,1.0706662,1.2569188,-0.5836842,-1.7578758,0.8845325,0.8607352,0.730864,0.06415529,0.090710476,0.57175434,-0.5880099,-0.15077099,-0.9864419,-1.0067456,0.40002728,1.0573168,-1.8679065,0.6594269,0.23705272,-0.35180846,-1.162781,0.7289059,-0.06899905,-0.96115166,0.35964113,1.2868596,-0.98251617,-0.7399797,-0.154784,0.056772154,-2.357033,1.1923807,-0.3422905,-0.6588128,-0.7938459,0.49601075,-0.40658256,1.4235203,-0.18893905,-0.93694896,-0.4063908,1.4174099,-0.9778763,2.2407005,-1.2010468,0.41598338,-0.96921146,0.23545462,-1.6155114,-2.0639715,0.820314,0.59465176,-0.58623636,-0.18391922,1.1631286,1.2705128,0.7442111,-0.1441177,-0.8158351,-1.520306,0.33240372,-0.1299521,1.5949346,-0.08813725,-1.6879628,0.58751416,0.39194384,-0.022690453,0.59651214,1.2159132,-1.2505177,0.7017126,-1.530462,-0.15331924,0.27812314,-0.22312795,0.47907966,-0.16088265,-0.32946575,-0.14591628,1.9793124,0.76294667,0.60952693,1.0463574,3.1164396,0.6752793,-0.09271585,1.2675233,-0.1668309,-0.3939569,-0.5649617,-0.08129328,1.0870905,0.06756496,0.8027162,000013.jpg
13,0.4947218,-1.1812664,-0.9720366,-0.0028586267,0.27814418,0.16315685,-0.5094323,-0.88743454,-1.3932037,0.7972494,-0.38735527,1.6585228,0.16825028,-0.21102619,-0.37692446,-0.24806756,0.7860919,0.20771435,-0.81300306,0.032617234,1.1049753,-1.6550306,0.9982381,-1.2087276,0.11290761,-0.7972149,-1.0675639,-0.47870025,-0.6037259,0.051966384,1.7075956,0.70427257,-0.04632918,-0.20609204,0.2100959,-1.5759676,1.451984,0.32909364,-0.92262423,-1.7952181,1.2403333,0.7170712,-0.614961,0.5768443,0.14677031,0.9711644,2.2613878,-0.6232069,2.0304384,0.2140771,-0.9018798,-0.29135418,1.4775362,0.0002645394,-1.0597904,-0.5312701,0.12220907,-0.3677893,-0.8203577,-0.26441872,-0.5698292,0.9365849,-0.88490033,-0.8552445,0.39161786,-0.68993115,-0.5701593,-0.123019435,0.49532062,2.0293257,-0.6133408,-0.39275742,-1.2347587,1.4894687,-0.17945032,-0.25652122,-0.2834249,1.1578112,0.0604066,-1.4941909,-0.71054465,0.10920553,-0.5238609,0.05546741,0.8553544,0.7713969,0.1837633,-0.28816706,-0.3129389,0.6193574,-0.2439137,0.46355298,-0.40689072,1.5348707,0.76155347,-0.95036,0.18820217,-0.7101593,-1.1885936,-0.62213725,000014.jpg
14,1.520202,1.273787,-0.5877993,-1.5048075,-0.29275435,-1.0198478,-1.0088638,-0.8438826,1.8242993,0.21147698,-2.7808776,0.6360596,0.09489162,-0.9958235,-1.8855363,-1.2233921,0.9967358,-0.9829309,-0.07358193,0.4579791,0.47541314,1.4877636,-0.57945544,-0.32552707,-0.59815127,0.14236076,-1.6867486,-0.21382667,-1.5894675,0.84188443,-0.7728104,0.49291983,0.50332093,-1.3010671,1.1054769,0.044626027,0.047897797,0.52175933,-0.024204206,-1.7968277,-0.37057328,2.1148832,1.6872369,-0.4097489,0.5243884,-0.8949435,-1.1744946,1.0072902,0.02445408,-0.37606508,0.08796725,2.0029829,-1.3841136,0.4711051,-2.0339572,-0.80796874,-0.68562675,-1.928764,1.8808908,0.33164802,-0.17553331,-0.08265906,-0.41973862,1.3923815,-0.35414812,0.62678367,2.7431636,0.11925741,-0.013875478,0.015168271,-0.33626232,-0.70471567,-0.2302712,-0.63653505,0.6413903,1.4835353,0.94544005,1.0393687,-0.1737529,0.9417492,-0.4506649,-0.4685385,-0.37026796,0.54981387,-0.6602485,0.5862831,1.0823854,0.8377633,1.7127461,-0.8450746,-0.2805859,0.10462394,0.4362973,-0.4146691,0.340375,-1.739537,-1.1930438,0.41518086,0.3691635,0.9175423,000015.jpg
15,1.1541852,1.156511,-0.7993682,-0.7643852,-1.018207,-0.6932976,1.80764,-1.5156641,-0.33789408,-0.4992309,0.47354323,2.0555425,0.868496,-0.02412751,-0.8569691,1.1221707,0.12707706,0.39516413,0.21587177,2.16485,0.64244235,-0.46578658,-0.18426846,0.85044944,-0.5186636,-1.2508734,1.2516483,0.40108505,-0.84304214,0.05825384,1.9404773,0.3506781,-1.3085276,-0.20747277,0.33913106,-0.28153268,-0.6803308,1.0516703,-1.6501105,1.1079066,-1.2591627,-0.5719131,1.2234678,0.24269076,-1.3326243,-1.9195194,-0.87556154,-0.6913929,-0.068855636,-1.7208543,1.2651417,-1.569328,0.54897416,1.1848171,-0.13436438,1.9603268,0.5468534,1.0928869,1.3055524,-1.0942298,0.6521279,-2.6016753,-0.10288967,1.4046444,0.3998939,-1.4549057,-0.73270166,0.135225,0.1646996,0.09522667,1.007134,0.37679565,-0.029330667,1.688957,1.1647872,-0.37588027,0.30044425,-0.7943365,-0.963264,1.0889705,-1.5232999,2.5462315,1.0862963,0.40025842,1.1659998,0.8528183,-0.20256847,0.121517226,-0.38479188,-0.4895818,-0.5073178,-0.8636215,-1.5119656,1.2521756,0.10378002,0.97110856,-1.3828053,-0.35788786,-1.4974436,-0.08898258,000016.jpg
16,-0.28755766,-0.23542264,0.21969095,1.747473,-0.1959409,-1.0700974,0.398118,1.456174,-1.0207419,1.2710974,0.15994126,0.8867405,-0.47818303,-0.04411455,0.15022825,0.26219636,2.5280454,0.6225964,-0.81158143,-1.3276261,0.32724363,0.33289757,1.3573496,0.0071396097,0.3681848,-0.082330585,0.62929714,2.2101994,-1.0199387,1.3493236,-1.0499187,0.084522255,-1.2360272,0.44272634,0.42082596,0.03495747,-0.87465644,0.55442977,0.21669419,-0.21412678,-0.15771422,-0.0636187,-0.1711876,0.96106666,1.2847929,0.37809741,-0.53343743,-0.8075278,1.9192749,0.61267287,-0.824749,-0.59299237,0.49708286,0.37347546,-0.1602274,-0.41041523,0.019068558,0.8729566,0.1561558,0.8626822,-1.2356889,-1.0570424,0.40580428,-1.5422494,0.77183867,1.2423499,-0.14076297,1.5400923,2.1910641,-0.31003872,-0.8904806,-0.52782923,0.5087935,0.59821117,-0.37715676,0.93645287,0.27763745,-0.69865537,0.5612305,1.3704885,-0.07655311,1.204989,0.30233625,-0.16139883,-0.7372204,0.5981971,-0.59050983,-0.66691905,-0.3232581,-0.36548948,0.56719816,-1.9608209,0.541652,1.044721,-1.7190945,-2.0734272,0.32872885,-0.11660524,-1.58929,-0.9886598,000017.jpg
17,1.1069144,-1.4777193,-1.455338,-0.6216622,-1.3274314,0.7939023,-0.25974268,-0.1692879,-0.74858314,0.38182667,-0.63252836,-0.9865107,0.68844813,-1.1928903,1.9908144,-0.47387773,0.46063682,-0.20106983,0.47249675,-0.3270351,-1.3628913,-1.6919601,-0.84386617,0.8072682,0.010386303,-1.3737749,-1.5517428,0.16558559,0.14085764,-0.20460668,0.06487586,-0.76614803,-1.4769397,0.507278,1.002129,-0.8534849,-0.69271904,-1.1626446,-0.68821305,-0.7823676,0.41605732,1.3595538,-1.7336078,0.089402646,0.70712113,0.89935,2.1215613,0.5019049,-2.0753503,0.3514297,1.3498029,-0.8523423,-0.57257426,0.37192848,-0.48887524,-3.1017282,0.6770536,3.2183814,1.982971,-1.1503451,-1.876564,0.47072417,-1.3105918,0.512062,0.5657475,-0.09834844,-1.4338094,0.37899032,0.55710024,-0.15987279,0.3212971,-0.95040274,-0.91982716,-0.22195165,-0.31304634,-1.0654604,-2.6192071,-0.37597746,0.89985013,0.62865984,0.03538686,-0.95459956,1.2140627,-0.71157765,-0.60207635,-0.34431925,0.8083861,0.7397244,0.72003496,-0.3393614,1.0868104,0.51206636,-0.1823486,-1.2428561,0.7411417,-0.63769746,-0.84812665,-0.09852141,0.48978633,1.4253033,000018.jpg
18,0.19290972,1.2423484,1.1054349,0.65934366,-0.42313907,1.8115485,-0.7944117,0.5874231,-0.2315542,0.7230734,-1.4804063,-0.77394706,0.42307615,0.24106933,0.44614735,0.64384496,-0.12819944,-0.59485394,-1.2653984,-2.126418,-0.4264696,-0.7827883,-1.0849785,-0.84660536,0.59565175,1.1519128,-0.8530901,-0.2600834,-0.6145166,-0.06698307,-1.0456072,-0.76949644,0.7085222,-1.9140269,-0.3573405,-2.4862294,0.40881202,-0.046780743,0.17484355,0.44884348,-0.42493036,-0.9372039,-1.1150256,0.33505318,0.46792656,-0.1452369,-0.10849426,0.3659736,0.8535302,1.5367631,0.24242164,-0.4957053,0.24138124,-1.4717126,-0.60437936,0.10937007,0.21731485,-1.4518617,0.06003678,-0.34365645,1.3720413,0.8381339,-1.4121028,1.6533786,-0.96100664,-0.8577556,0.24172513,-0.7492187,0.09617494,-0.43811736,-0.021774018,1.0779204,0.72891116,1.158241,1.5006763,-1.8827264,-0.99804205,1.4006231,0.084584296,-1.4780464,0.6316891,-0.529059,1.3755932,-1.2792262,0.37194768,-0.853591,-0.56415015,-0.80967855,-0.17632695,0.92042184,0.82210773,1.200333,0.17990023,-0.060889564,1.215618,0.9219125,-0.42972112,-0.037623335,-0.437266,1.0219309,000019.jpg
19,0.90647405,-0.81269014,0.5812635,-0.9093998,2.6677349,0.32938746,0.49194196,0.8869975,-2.4922574,-2.7479331,-0.4855889,1.1913671,-1.3050377,-1.2465186,0.46247688,0.76465964,0.38449493,-1.1102116,0.21665207,1.8629751,-0.038026195,0.59743464,-0.25025094,1.0858899,0.3269337,0.32291394,-2.7132962,-0.7136278,-0.68621206,-0.9537151,-0.049856223,0.4756831,-0.11126045,1.1085335,0.4187391,0.54232466,0.6184096,0.70019543,-2.2029343,0.38371626,0.04246022,0.9829509,-1.2953777,-0.50635093,-0.62142295,-0.4416289,1.2973403,0.21340826,0.81018794,0.6152211,-0.7254189,0.9707843,-0.49615362,-0.013337309,0.6286079,0.9648084,-1.1311405,-1.5195446,0.7376798,-0.41718206,1.6553589,-1.4412131,0.46171123,-0.67445624,0.4374947,-0.40963265,0.0616112,0.9062477,-0.9369544,2.0484116,-1.8430908,-0.45721567,1.0043681,0.5668704,-1.4557633,0.10348612,0.7095177,1.3510675,2.4726596,-0.98580146,-0.01988978,-0.11334356,0.6826141,-1.4964101,0.31883064,2.0720255,0.23172247,0.11192105,-0.92029375,-0.6979265,0.5166255,0.5564331,-0.7215056,-2.356372,0.21324164,0.76221967,0.7895598,0.6007597,0.765886,0.5881315,000020.jpg
20,-0.9631808,1.7962265,-0.8116814,0.111162834,0.3987899,-0.27334368,0.5196966,-0.09815463,-0.05519796,0.101117745,-0.28914285,0.5004371,0.025546437,0.66327024,0.26308772,1.4276751,-0.7035603,1.5069028,1.8386172,-1.5969127,-0.692565,-0.73516625,0.12899351,-1.1359961,-0.100813024,-0.70200574,0.8918416,0.6003762,0.23422901,-1.0424937,-0.9341061,1.3683127,0.3921033,0.580339,1.2075135,-1.7359531,0.30679396,0.16456425,1.653438,-1.0423805,-0.85746413,-0.6745285,-2.0562263,0.3090801,0.1185815,-0.19781807,0.4469408,-1.8731896,-1.369557,1.5592939,-1.3450919,-1.8657647,-0.14775093,2.4727824,1.8083256,-0.9527108,-0.012348647,0.21745448,-0.98878753,1.1921569,-1.4397945,-0.77074116,0.16323642,1.762896,-0.4812134,0.094541766,1.1278303,-0.650769,-0.424822,-1.8072089,-0.09579231,-0.4084544,-1.2547603,1.3661642,1.0058929,0.7251257,0.7864952,-0.09610723,1.6849563,-1.4384333,-1.4757646,-1.8084215,0.6621993,-0.74464506,0.52635807,-1.8561323,-1.7620627,1.2538764,-0.41489202,-2.7357087,1.4884254,-0.2847693,-1.0965519,0.07556076,-0.96509665,0.2500817,1.051828,-0.92908674,-0.19416724,0.85913205,000021.jpg
21,0.08558424,-0.7611617,0.9003968,-0.64410174,0.10599634,-0.044281635,-0.1814883,-0.22380228,-0.10221768,-3.059838,-1.3138866,-0.9668275,0.24989462,0.8017783,-1.3244511,-1.4658924,0.78633684,-1.0607386,-0.17783569,-0.99187607,0.91054505,0.3521475,-0.10271825,-0.026069641,-0.6339821,-1.1490859,-1.4383113,-1.3867851,0.8041641,-1.2768869,0.06330746,0.59035724,-1.0407557,-0.3311817,0.02598342,-0.63038135,-0.22874363,1.2026159,1.1539757,0.21395375,2.1126697,0.3430069,-1.3439922,0.20529225,0.2510147,-1.5561197,1.3462048,-0.152148,0.61574423,1.9491563,0.49202198,0.3666974,-0.2796352,-0.17712298,-1.8747044,-0.15858349,-0.24126567,-1.2485228,-0.57430923,-0.588816,1.5747186,-0.79702413,1.5438961,-0.17543678,0.4707117,-0.9726456,0.5997004,-1.1836797,-0.63933486,-3.0203211,0.1812662,0.5959647,0.004418141,-2.8870645,1.3711748,-1.6201305,0.22291058,-0.27366018,-1.073056,-0.36886016,-1.4408935,0.36822873,-0.074745476,0.23992872,-1.0165368,-1.854531,-0.06034819,0.7869627,0.5099705,-0.39935786,0.7575604,-0.5060273,-0.25328517,-1.6778383,-0.9117509,0.16697647,-1.8880758,-1.443167,0.34728083,-0.15349196,000022.jpg
22,-0.007892126,1.5856214,0.6615886,-1.0818822,0.5026092,-1.0867175,0.90676016,-0.56688195,-0.2245903,0.04253403,-0.59990793,-0.1881385,0.37742376,0.7537355,-0.758825,0.4376142,-1.2606752,-0.21650907,-0.36691397,-0.18451403,-0.9976113,0.9698847,1.0344124,-0.009311681,1.5614809,-1.5661054,0.07766285,-2.1596525,0.28177541,-0.3631684,-0.5005398,-0.42102516,-0.86004084,0.07099056,0.5474443,0.6572935,-1.0864463,0.61852,1.1612297,-0.9426335,1.7469729,-2.0002444,0.31147265,-1.1923357,0.08625867,0.10366545,1.0349386,-0.6181591,-1.375609,-0.2175885,-0.85089374,1.257801,-0.5733387,-1.6402062,-0.35823935,-0.81680197,1.1003486,1.3306766,-1.0621481,0.7250955,0.8256006,0.5999335,0.44672763,-2.2149189,1.0543399,0.24865477,0.63310456,-0.06515351,0.06901238,-0.75399995,2.231634,-1.6939106,-0.020781122,0.30600804,1.9773165,-1.156414,-1.8346139,-0.22120309,-1.0098113,1.1249644,0.2790609,-1.9103736,-0.9730185,1.766635,-1.631804,0.12044203,0.8499666,0.48910314,-0.65707755,-0.10930503,-0.3441686,-0.15098104,0.030004727,-0.50482994,-0.8083723,-1.2274758,-0.70961905,1.0302709,1.0761725,0.21434914,000023.jpg
23,1.0337532,-1.1346141,-2.3778324,-0.4875228,0.10630308,0.38338625,-1.3422555,-0.19685009,0.56212676,-0.22049665,0.5829543,0.3605145,1.6580169,0.4823033,-0.63109815,0.5216684,-0.056934413,-0.8338477,-0.080324106,0.46201515,0.28117618,0.47897282,3.1546082,0.32882738,0.9740514,-0.65882266,-0.46138114,-2.8055463,0.52430826,0.03948029,-0.06338347,-2.4493196,-1.2721294,-1.4459178,-0.43564367,-0.10033168,0.28618318,0.74015486,-0.8741808,-0.98570144,-1.4982542,-0.47759524,-0.4926489,-0.3108674,-0.3384902,0.38130766,-1.1477568,-1.373037,-1.4261621,-0.2142204,-0.69311714,-0.81875885,-1.4750428,-0.39857942,1.116358,0.17808855,-0.042488776,-0.5560932,0.47053185,0.6600609,0.6993633,-1.0051241,0.7108289,2.9055777,0.48682833,0.76814795,0.0621112,0.656298,-0.25957856,-0.6905512,-0.524839,-1.2587621,1.4597032,0.40248156,0.30209082,-1.3508147,0.080527514,1.3109133,-1.22751,0.31610215,-1.5680565,-0.10588028,0.87388265,-0.806228,-0.32297197,1.3767935,-0.3075051,-0.28494745,-0.80046916,0.5393933,0.46915945,0.7197641,-0.72759306,0.3092645,-0.5662589,1.2384899,0.8409089,0.28375193,2.5991416,-0.87370104,000024.jpg
24,-0.46633345,0.46103743,-0.24268629,0.39765984,-1.3607755,-0.5907212,2.4832308,1.7316699,-0.48800668,1.4766496,-1.4933121,-0.95320714,1.7534033,0.9078677,0.72993755,-0.6566263,-1.375744,0.023998164,1.0841929,-0.47628647,0.993265,-1.3900663,-0.06342826,-0.15606815,-0.25429517,-1.0717446,-0.43531364,-1.4980705,0.4741083,1.6008316,-0.48243022,1.2503339,-0.58213246,1.4722129,-1.7506572,0.49358198,0.652376,1.086645,-1.5391586,-2.0164585,0.72843003,-0.34868184,-1.128405,-1.2816291,0.13246962,1.8753885,0.6165988,0.1545016,-0.92114335,1.1671209,0.8040669,0.4401192,0.6127636,-0.5282612,2.3351066,-3.6336746,-1.263337,0.12368418,1.1837476,1.4879895,0.07006329,-0.6981113,0.33125475,-0.045814306,1.7164674,1.4947443,-0.63715816,0.41199282,1.2358197,-0.80322224,0.21238586,0.32904595,0.41964957,-0.84167033,1.7755823,0.7141462,1.3954079,1.2228813,-0.6716415,-1.6691276,-0.13415495,-1.1836959,-0.54387176,-0.94348454,-0.23959751,0.502278,1.1916214,1.91881,1.3728784,0.37108624,0.29378965,-0.13512328,-0.11839466,0.32846615,0.5288174,-2.3244627,-0.6981626,-0.18635611,-0.7329813,0.11140071,000025.jpg
25,-0.41632536,1.6924644,-0.023816302,-1.0962769,0.101536356,1.2851236,-1.7828127,1.211196,1.0615075,3.1833763,1.3940033,0.10218753,1.7633405,-1.5344282,-0.0077095185,1.1179885,0.71473354,0.23512055,0.11863352,-0.2789063,2.7092988,-2.0887444,-0.87225074,-0.9289029,0.70796376,0.8753969,-0.66889864,-1.0770878,0.345363,1.4400785,-0.082450196,-0.61206156,-1.4840286,-1.7814778,-0.47833973,-0.30390793,-0.4712395,2.0129726,0.8779715,0.81353366,0.29187074,0.79357356,0.33347133,0.60872126,-0.08265229,0.47449735,1.8133628,-1.8683126,0.5836973,-0.28316808,1.0847334,-1.2423365,-0.95940495,0.48526907,0.08955833,-0.7077031,-0.46029165,-0.89010847,-1.4473203,0.18664727,0.5017981,-0.37043267,-1.2803699,-0.44736478,-0.11617096,-0.7460266,1.1610799,-0.09708018,-1.4937998,0.5517453,0.49346018,-0.44154194,-1.3259684,-0.95459276,1.3714862,1.5113887,0.66745746,0.99584246,-0.14671463,0.7702903,0.8806731,-1.068789,0.5963769,0.808284,-0.34193906,0.027422283,-0.4891438,-0.577308,-0.080078855,0.69565755,1.4549803,-0.7795447,-0.4367316,-1.1411103,-1.5021181,1.442862,2.865152,0.5583875,-0.7999533,-0.48117247,000026.jpg
26,-1.0234232,0.47625166,0.26614168,-0.68225247,0.5527932,0.60714597,-0.107880354,1.7835444,-0.56180245,0.20276706,0.6475491,-0.98280776,0.7897249,-0.484055,1.8795828,0.16716382,-0.32426408,0.4252722,-0.74566734,-0.21742177,-3.347797,0.53153884,0.034007333,0.7626974,0.90945226,-0.42075497,-0.1318,-0.50318295,0.65348417,0.5822764,-1.221501,-0.6641116,1.3048116,-1.1498127,-0.14398776,-1.2929204,-1.0645511,6.550853e-05,-1.1408061,1.6869166,-0.8764838,-1.2118198,0.4058313,-1.1592922,0.34695995,1.4689995,0.25783917,0.87312263,-1.5707465,0.15045567,1.1155183,-0.93655336,0.43227085,-0.19626625,-0.9978094,0.95505476,2.0756588,-0.55969524,0.22232248,-0.047306042,0.91470194,-0.027629862,1.1348048,1.9067556,1.2212371,0.8693494,0.060740557,0.536711,0.39020842,-1.1160345,0.06492341,0.39333314,-0.28207955,0.031149426,-1.3802108,0.9078737,-0.59173596,-0.6902324,-1.4567144,1.2593436,0.5053841,-1.0675532,1.287318,0.17841461,1.122082,-2.3503263,-0.76354975,-0.6504188,1.4629337,1.3877354,-1.2300805,-0.27470666,0.0019829469,0.6223183,2.0873868,0.96717745,-0.33714545,-0.9253756,-1.811983,1.0396329,000027.jpg
27,-0.27052397,0.8374246,-0.657377,0.36084652,-0.27438277,-0.7910981,1.9161044,-1.329707,0.13679577,0.5742222,1.7527035,1.8490202,-0.92231727,0.36436832,-0.6983031,-0.9529526,0.074244045,0.46285108,0.0016072767,1.1855265,0.42811552,0.3992,-0.89973897,-0.7072065,0.42663264,-1.325204,1.6938244,0.4374403,-0.13756828,-1.4511917,-1.0239786,0.55472714,-1.7520752,0.8973245,-0.32354686,-0.95930576,-1.0252362,2.611746,-0.84381497,-0.3249433,0.56019586,-1.0371237,-1.5419519,1.5172505,-0.7046713,0.40709797,-1.8424088,0.5945079,-1.0263252,-0.06284821,2.2598243,-0.39250565,-1.7054033,-0.13052106,0.80725014,-0.8598287,0.37737572,-0.23817527,-0.42417687,0.061530113,-0.5032573,1.0935748,0.8203791,1.2667813,0.8321339,-0.21803991,1.7999679,0.4726975,-0.35794932,-0.9653326,-1.5725037,0.9250115,0.36935535,1.683676,-0.27279365,0.8136336,0.0731316,1.9543834,1.9293925,0.5417053,0.3346949,2.6603549,-0.5205712,1.3614833,-0.80603874,1.0701402,-0.2704246,1.1705458,-0.8198278,0.3559987,1.4531068,-0.22686554,-0.37722942,-0.19302142,-1.3360349,1.0935246,0.013214807,-0.18354517,0.5001737,-0.15660287,000028.jpg
28,-0.5103134,-0.10211859,0.6348583,1.2860756,0.13609976,2.0333397,0.058191657,-0.8332113,-0.22190054,1.4823352,-0.34672305,0.9873297,-0.40174997,-2.4084117,-0.6628117,-0.9957265,-0.33557945,-1.2088027,0.25130138,0.23060194,-0.35887867,0.514418,-0.93602663,-2.07955,0.38988996,-1.7153968,1.0305538,-1.2281535,-1.4508272,1.3977603,0.30201352,0.48773885,-0.34069917,0.38838723,0.167539,-1.4674921,0.7930395,-0.413999,-0.24262002,1.2621543,1.0046295,-0.77348036,1.4212399,-0.071552254,1.2538948,-0.763205,0.34019622,-0.99001414,-0.8646611,0.13635045,1.3001689,-0.23219389,-0.056543253,-1.4492228,-1.1020553,-0.075155236,-0.9244369,1.0389705,1.256576,0.8905915,0.12787771,-0.2862221,0.75111836,-0.23412901,0.55111796,0.6148299,-0.5863704,-0.29500574,0.14258875,0.9826087,0.7482521,0.06565001,-1.0755498,0.55651206,-1.2978485,-1.6111192,-0.5662754,-1.3819487,0.9698277,0.17757046,-0.20014545,0.08031575,-0.93977755,0.31330708,0.2687695,-0.7335716,0.89410937,0.20555079,1.487939,0.22483692,-1.5789943,0.43433687,-2.1145282,-2.1641355,-1.323236,-1.955656,-0.3795704,2.664226,-1.8081023,-0.6393097,000029.jpg
29,0.07646745,1.1014272,-0.42847613,0.97874385,1.7196631,-0.3319987,0.9369816,0.19225635,1.1871613,-0.18889005,-0.6935402,0.10327398,-0.023133324,-1.442824,0.5556459,0.47347075,0.22991897,1.5861589,1.3258038,-1.4428209,4.515641,1.7423944,-0.36593086,-0.119969234,1.8845533,-0.01136262,-1.004764,0.44623354,-1.0414493,-0.2023149,-0.76880175,-0.23606694,0.7162674,-0.35671026,3.1693857,-0.9203049,-1.9602679,0.38754156,-0.12373908,-0.10079678,1.5578955,0.70695496,1.4170246,1.244211,-0.36167905,-0.8262752,-0.6944087,0.08404612,0.14392865,-0.13886984,0.3716311,1.7214072,1.3106911,1.2251672,-1.2750928,1.9234126,-0.953182,-0.73198885,0.5405022,-1.5588956,0.68504554,0.07162292,0.4272364,-1.2120739,0.57238877,0.72189796,-1.4175818,-0.09900803,2.8474963,-1.7248162,0.55663407,-1.0326569,1.4062937,-0.00042053923,0.11371595,0.30585873,-1.2040505,0.3818081,-0.36715358,0.818816,-0.8501207,-0.37387517,-0.7749855,-0.0141049195,2.1211345,-1.0774289,0.17966418,-1.2263956,-0.34506747,1.3102958,-0.63096,0.33537647,-1.9946109,0.2322275,-1.0126592,0.3591756,-0.45464057,-0.95431656,0.6530007,-0.34381115,000030.jpg
30,-0.16796981,0.9459691,-1.4260784,-2.2571216,0.46629202,1.5100273,0.22602814,2.1528451,0.7793929,0.030121284,0.92499155,-0.1041872,-0.65062696,-0.102360204,-1.8180661,0.0043046502,-0.24518307,-1.0235002,-0.4044542,1.4105748,-0.014282856,-0.90865463,-0.2116138,1.1681267,0.046863817,-0.70666784,0.39468396,1.0051047,2.1241105,2.4296026,-1.8077195,-0.79975164,-1.9595636,-1.2888749,0.6585869,1.2298125,0.109054744,-1.0993794,0.32755423,-0.044301625,0.44599444,-0.14049025,-1.294422,-0.1470763,-0.86218387,-2.1046085,-0.4054147,-2.6389875,-1.0510771,0.14101434,-0.43012145,-1.0490143,-0.15659714,-1.3204763,-3.1460755,-1.5428191,1.2555343,0.39662033,-0.68274575,0.7565149,-0.1266063,0.31552348,-0.4782088,1.9759738,1.2580179,0.8623908,1.4958919,0.25299352,0.40526405,0.18769662,-1.977737,0.08996763,0.060129315,-0.5312111,1.240855,0.542858,-0.13187423,-0.31940135,0.14242849,-0.011509132,0.359803,1.8186592,0.08900136,-0.57868993,1.0757538,-0.11973156,0.13650124,0.96686995,1.1871456,-0.2642803,-1.442332,-0.9232383,0.9961415,0.26663047,-1.5927608,0.30347764,-1.0548018,1.1004412,2.2124717,-0.5665591,000031.jpg
31,-2.3458242,-0.3093575,0.31525573,-0.6332085,-0.6036218,0.1280884,0.23774907,0.69971716,-0.08045753,-0.85103464,-0.65301657,-0.989941,-2.0173,-0.43418193,-0.18954797,-0.61280316,0.13066125,0.55736405,0.47201118,0.05253263,-1.8672507,1.7317044,0.38799492,1.1039988,-0.5489844,-0.8842927,0.263199,1.0098478,0.93890935,-0.39308003,-0.33464321,0.23822443,0.45021304,-0.017016847,-2.930819,-0.7685901,-0.40720823,-1.6347069,0.30740836,0.4864572,-0.8989312,0.583224,0.7699079,-0.6613075,-0.547493,-0.14917529,0.242448,1.0322328,-2.1800637,0.20918906,-0.3872976,1.3078656,-0.7263558,-0.6303664,3.1872885,2.039305,-1.8971695,1.0484656,-0.5297098,-0.44227892,-1.9843792,0.055136573,1.0786614,-1.6923896,0.42366585,-0.29776,-0.033387624,-0.20978552,-1.2395886,1.5200766,-0.72469634,0.63906145,-0.9245915,-0.8636604,-0.9079955,0.62063515,1.3624222,0.058930065,0.34261942,0.05442201,0.9836618,-2.128595,-0.44161355,-0.1874505,-0.4115085,0.6164618,-0.8106312,1.0149446,-1.4595504,-0.13458177,-0.8208604,1.4301374,-0.4706619,0.97647023,1.2731106,1.9097859,-1.3020405,0.22976209,0.91167283,-0.6932916,000032.jpg
32,-2.0578065,-1.0210598,0.55079794,-0.36774397,-0.12238765,-0.6850521,0.5215093,0.5667279,0.545032,-1.4024236,0.17338659,1.6412678,-0.25271457,0.6481316,0.38929835,-1.0045549,-0.6392355,0.67875177,0.120620266,-0.42128798,-0.4230256,0.95230335,0.8040332,-0.4252058,0.27417016,1.5666467,-0.7919655,-0.56998426,1.8380556,-0.07955637,-0.38788852,-0.27239186,0.41236052,0.21250468,-1.9349928,0.60909027,1.3718079,0.01571168,-1.0921377,-0.4577087,0.022702921,0.70253825,-0.024409363,-0.67164546,-0.5384874,-1.2482158,1.745534,0.28742757,0.79104143,-1.9706413,0.049941234,1.2075101,0.6982807,-1.2001877,-0.060384538,0.18501759,-0.09788114,1.9951749,-1.1033338,-1.4441583,-0.17989333,-0.51782125,-0.32989806,-0.7720026,-0.047606412,0.8179626,0.8444857,-0.23163319,-0.60722053,-2.123912,0.05696954,-1.597588,0.6136042,-0.11691823,-0.12698427,-1.2085123,-1.014546,-0.5013964,0.7193106,-0.3326132,-0.86053735,0.39490592,0.66200143,0.21516588,0.37270945,-0.23178345,-0.8680296,1.1847655,-2.4716885,-1.1964921,-0.77656347,-2.7214603,-1.3909955,-0.107858494,0.67749566,-1.6907767,-0.6682467,-0.736965,0.33436966,-0.35324264,000033.jpg
33,1.095688,-0.44583464,-0.3707559,-0.042893723,0.003028654,-1.436064,1.0291798,-0.4949843,-0.87202084,1.423417,-0.52774847,0.3008847,-2.8239262,-2.258906,-0.71381986,-0.26219654,0.15795054,-1.6706016,0.055032413,1.1016275,0.3760447,-1.8190869,0.35518315,-0.2688932,0.27571464,-1.1503853,-0.009481784,1.3898121,0.88694525,-1.1233662,-0.5005387,0.087860346,0.7264641,-0.12328026,1.0268382,1.3690093,-0.9774006,-1.0516987,0.16255957,-0.9969856,-0.34973973,-0.2103654,-0.004261264,0.40206861,-0.68043035,1.5049502,0.67289037,0.46804506,-1.2227013,0.52261704,-0.2991644,0.63920945,0.34511244,0.4199506,0.33725223,0.09393058,0.19580175,0.32735705,0.18101674,-0.32068488,-0.5829065,0.05197928,-2.309127,0.9356118,0.42629814,-0.1595563,-0.19424671,0.87678486,0.39347133,-1.231938,-0.5765449,-0.08480546,0.58542585,-0.43600428,-0.16449228,-0.48251924,-1.0749707,-1.9271966,-2.0502357,0.3589028,1.2440401,0.57228243,-2.2099543,-1.4391507,1.107551,-0.5308769,0.9950051,0.2937198,0.15969771,1.9503375,-0.5274667,-0.8227938,-0.21119285,2.0701063,-0.10844137,0.88094306,1.4331387,1.1797799,0.14243622,0.1801957,000034.jpg
34,1.0657774,1.6128128,-0.20570855,1.4867834,0.42291808,0.74996376,0.67570585,-0.41562015,0.26284105,-0.12970322,-0.27706406,0.52209616,-0.09594604,1.4256119,0.6378523,-2.7941706,0.7366967,-0.5397452,0.7651361,1.2498634,-2.0271578,0.14659989,0.395588,1.4619148,0.08422448,-0.038615424,1.4442286,0.3350447,0.49112573,-2.5746002,0.42337736,-0.23073235,-0.1277268,-0.5821303,-0.7603479,1.1802471,-0.121299684,0.78024673,0.2732253,1.3131022,0.21104169,-0.71114683,-1.8284763,0.4989671,0.25037873,0.050136365,0.524342,0.52568007,-0.55683523,0.76408124,-0.1390514,-0.2273441,-0.20643711,-2.0434387,-2.3185582,-1.5115904,0.52905023,1.5767051,1.3032051,0.114838116,0.0058539975,-1.8505211,0.73994935,-1.9697102,-1.4731008,-1.5995241,1.7337178,-2.3722277,0.3690829,-1.624189,-0.61608183,-1.4683233,-1.4428158,-0.31196076,-1.6692762,1.9081903,0.7702489,0.75303924,-1.6550905,-0.5974781,-0.6742113,-0.85040206,-0.77649933,-0.46304294,0.99349946,-0.3154755,0.4340245,0.0048190737,-0.6595506,-0.5774621,1.5366782,0.62667745,1.3103862,0.19503306,-0.064162806,-0.2109289,1.7029551,0.6639582,-0.030479828,-1.1804022,000035.jpg
35,0.10881608,1.5547272,-0.9146062,0.9575343,-1.1202885,-1.0067985,-1.2149174,-0.80197793,-0.4514377,0.77003694,-1.4735514,-0.28461435,0.54792935,-0.0001416495,-0.10581098,2.7109656,-0.09215956,-0.0923264,-1.135609,1.1126943,-0.27493337,1.5248258,0.77954316,-0.8578142,0.90659714,0.44254225,-0.8855315,-1.4755017,0.68249506,-0.5229862,-0.36307114,-0.29051015,-0.51015705,0.36290014,0.12730755,1.3663435,0.4580797,0.60954404,0.36989653,-0.066428035,0.044852883,-0.07209632,-2.339143,-2.2245214,-1.1332392,-0.44589722,0.09897719,-0.9731195,0.12813567,-0.21365167,1.225542,0.48122746,-0.16183563,1.025755,0.15646939,1.6093354,0.4329206,2.5673223,-0.97823757,-1.1568058,0.6795471,-0.6542473,0.11682067,0.49239737,0.7847147,-1.8648517,1.3661348,0.9287483,1.4858192,1.2671527,0.11229992,0.21306632,0.3003085,-0.76576513,1.2624596,0.7697088,1.4953705,1.0851576,-0.24121831,-0.5723041,-0.46491256,-0.5758482,-0.3004115,1.1189165,-0.9829516,1.4724978,-0.110429086,-0.20497455,0.45517975,0.076312214,-1.4294935,-0.25116965,-0.76344824,0.111506455,-0.84256995,-0.65030813,1.4559461,0.5068103,-1.3177662,-1.2935804,000036.jpg
36,-0.26652837,0.56547165,1.1139246,-0.34394202,1.4633148,0.18049097,-0.6325958,0.47639197,-0.38431028,-0.21097815,0.49643508,-0.9942239,0.8612207,0.4186736,0.42984918,2.864469,-0.8721952,1.2420089,-0.11295415,0.25280485,1.4705877,-2.8551617,0.14148171,0.90599215,-0.10419758,-0.8370148,0.3379931,0.27415448,-0.8946136,0.488273,0.4462878,-0.71611166,0.57192934,0.06997269,0.60903996,-0.39181796,-0.27115014,-0.12838073,-2.0351863,-0.61317176,-0.91642857,-0.1240344,-0.17037465,-0.3925185,-1.1537752,0.24067815,0.32062384,0.22657815,-1.4358966,-0.6534661,1.6455933,-0.32816145,-0.32289252,0.22510271,0.15446116,0.25879213,0.055018224,-0.03481805,-0.22315116,-0.023039022,0.8135363,-2.0144386,0.79674476,-0.3709687,1.9882884,-0.06337848,0.19371027,0.6636134,0.3852692,-0.76826733,2.7132993,-0.5543758,-1.8046768,0.29062593,1.2219998,0.094547376,0.031461116,0.62669677,1.3874143,-0.120863125,0.933252,0.83620405,-0.37901253,-0.158556,-0.96298546,-0.21934819,1.0615739,-0.04368122,-1.4756106,0.7109186,-0.9074657,0.7559934,0.3555721,1.1476938,0.51252186,0.9683236,-1.1193318,0.22637662,0.20877677,-0.36106706,000037.jpg
37,-0.4641939,-1.1449705,-0.27687564,0.66484153,-0.93158686,-0.6815481,0.6502478,-1.8404828,1.0536916,1.0016911,0.46544197,0.56838393,0.69064003,-0.52715683,0.9829945,-0.58985585,-1.382949,-1.4100941,-0.45894283,0.05471452,1.3851218,-0.89095014,-0.57077044,1.6213434,-0.83488244,1.5197417,0.27009583,-0.04903196,0.9767095,-0.30531573,0.74124527,1.0306392,-0.3480088,0.51590097,-0.615566,1.4628048,0.30440804,0.08300921,0.3848859,2.0135212,-0.9636415,-0.49774647,-0.7353059,0.27581295,0.64450055,1.1234626,-1.2617528,0.41141486,0.3632192,-0.0015644976,-1.9040935,-0.04314774,0.048956763,-0.26200172,-0.20374063,0.16595627,1.3907893,1.8443264,-2.161292,-0.33453852,2.0263095,-3.1195722,0.44302437,0.7409607,0.5222659,-0.29119146,-0.36574137,0.95302814,0.05768049,1.1667794,-1.096035,-0.34630933,0.3554359,0.026879525,-0.43238544,0.057872903,2.192664,1.6055992,0.36457214,0.34488294,-1.3535633,-0.35801718,1.5804011,0.32897773,0.2632488,-3.078593,1.2393851,-2.468899,0.53557,0.6948994,2.2646565,0.46558192,1.1122322,-0.52208424,-0.711116,-0.80193764,-0.856899,0.5774877,-0.4170078,-0.6302145,000038.jpg
38,-0.46190825,0.7008099,0.8711493,0.29469118,-0.97621304,0.5151754,-1.0646046,-2.0186121,-0.8349644,-1.280961,1.4351511,0.5789126,-0.22240126,-0.24454153,0.08640292,1.0086226,-1.2921259,0.90383464,-0.16735715,-2.298969,-2.4237404,1.603542,1.495833,-0.80497885,-0.008361466,-1.2376449,1.7233977,0.7401902,0.6926614,-0.50903904,0.06352633,0.88981515,-0.7862958,-0.49648985,0.2174476,-0.42641914,-1.5277251,-1.772256,-1.4472442,-2.2334614,-0.1791548,0.4987055,0.39478883,0.35332426,-0.23214114,-0.10288693,1.4790648,-1.081083,0.46818542,0.04919711,-0.5827987,1.6700828,1.171713,-0.38911796,1.0033236,0.81323045,-1.4373842,-0.5679809,1.4481252,-0.14875303,-0.4455387,0.4366473,-0.6340861,0.06195357,1.1549985,1.145858,-0.35424104,-0.06490002,-0.5927529,-2.6666086,0.35130697,0.3936179,0.10294893,-1.1697518,-0.35310787,-0.8395265,0.006505038,-0.44946513,-0.60987115,0.16572183,-0.55943066,0.9506138,1.8795,-1.298026,2.0117192,0.07862403,1.8824264,-0.92473686,-0.7194677,-1.9925417,-0.06985973,-0.33588383,2.1855586,-0.29274887,-1.8540043,-0.7063615,-0.84546316,0.6651518,-0.48831177,-0.10744497,000039.jpg
39,-0.74859196,0.06602113,0.85298055,1.0015361,-0.4004178,1.5045393,0.8413734,-2.4408238,1.0705645,-1.2167051,0.029710028,-1.2275321,1.4930743,-1.2717129,-1.4084058,-1.7785854,0.9180864,-0.9370784,0.6839036,0.2291348,-0.58689207,0.77254474,0.1894836,1.2392386,0.06646513,1.118854,-1.4236158,1.394204,0.6974821,-1.4758434,-0.7851762,-0.4001412,0.2838072,-0.16462448,0.0050601447,-0.49555758,0.3295123,-1.0794022,-0.008386208,-1.2154267,0.14683191,-1.0674317,-0.19070601,2.713427,1.0342542,0.10351235,0.053051848,0.5434607,1.2844988,0.4266503,2.725985,1.0296289,-1.0518403,-1.0986944,-1.5576121,1.1140295,0.6277656,0.27956352,0.20364319,-0.035126925,1.632901,0.69625956,-0.7108425,-0.35587552,0.43521866,-0.8936678,-1.0893238,-0.191545,1.8513939,-1.8210901,-2.0164354,-0.4042958,1.5352908,0.92574525,1.5636482,0.17066307,-0.008380997,1.9120754,1.0858233,-1.0286098,0.6647833,-1.848724,-1.2707028,1.3730719,-0.20244615,-0.4558028,-1.017476,1.6504323,-0.5976753,1.5624565,1.0362723,0.84332734,0.44838342,1.8659488,-0.557448,0.43907523,-1.520351,1.0941114,-0.85247225,0.19109026,000040.jpg
40,-0.57917404,0.5189833,0.4997581,-0.09704426,0.07630357,0.7616326,1.7452139,1.5658274,0.32051927,0.24208641,-0.38313493,1.3871663,-1.1850554,0.15913649,-0.026789386,-0.23410128,0.98514926,-0.56364423,-0.2345341,-0.4293506,0.3172285,0.89422625,-0.19752672,-1.0319111,0.29069442,-0.37937748,-1.9597893,-0.1572913,-0.36526945,0.40527496,0.3853923,-1.3818147,0.5996271,1.2074155,1.6779157,-3.3449056,-3.9209845,2.488161,-0.235239,1.950038,-0.97080773,-0.44933176,0.07613687,0.95707273,0.32184696,-0.38635442,-0.5451573,-0.6196104,-1.2441199,0.7921628,0.23528093,-0.96389943,0.3185881,-0.6338389,0.89698577,-0.74397314,1.6152692,-1.4033607,-0.2368502,-0.14130859,-1.2832355,-0.48306006,1.0960867,0.1160329,-0.7519273,0.12965932,-0.08663504,0.18940309,-0.84679675,0.9530155,-0.30348104,-0.25816888,1.781395,-1.8383396,-0.6479835,1.0321622,0.30236378,1.516669,-1.6219575,1.075309,1.0195867,0.7029565,-0.20722985,-0.28746358,0.4042824,1.8060889,0.31776714,-0.0419095,1.2378817,2.7807784,0.29046702,0.894771,-1.1641719,-0.24749777,-1.3862617,-0.33348638,-0.30573398,0.8468845,-0.9941386,-1.0318272,000041.jpg
41,1.2039038,-0.7342543,-1.0387566,-0.7111613,-0.602951,0.6982863,0.30386895,-0.62713885,0.92441356,-1.1982809,0.9152572,-1.3091158,-2.133118,1.3446807,-0.18931212,-0.7908378,-0.20634304,0.8572955,-0.41920495,-1.2241166,1.2686249,-0.047894504,0.37143162,-0.003406718,0.30367422,1.8543506,-0.69368416,1.121185,-0.4402217,-1.5699763,-0.8968318,0.94978833,-1.369699,-0.6259839,0.5809264,1.6595615,-0.19897883,1.8769614,0.8980038,-0.049719136,-1.6393965,0.48655155,0.41642168,1.8379544,-0.5910312,-0.29129994,1.2778553,1.2919385,-0.96651936,1.7097434,0.4193258,-0.53926295,-0.7029474,-0.3250204,-0.20631267,0.041007187,0.18381518,1.0781996,-1.0261537,-0.77397984,-0.045022104,-0.38093445,-0.8774371,0.77742946,1.1321541,0.06369994,0.51940346,0.8516814,0.4198463,-0.5072045,-0.15724264,-0.31930438,-0.64539593,-0.4896179,-1.0944674,-1.0927926,-0.3288468,0.7644982,-0.8417948,0.28354526,1.4675713,-0.8459238,-1.1001537,1.1668555,1.5572264,0.52782553,-0.74256,-1.2429472,0.5638142,1.0575497,-1.0210222,-0.06864164,-1.6436476,0.9920831,-0.8618559,-0.9084655,0.6568538,0.041434646,1.9561617,-1.1339412,000042.jpg
42,-0.5067061,-0.2222931,0.42075524,-1.0587507,-0.83120364,-0.2016871,0.57613456,0.9036589,-1.6645354,-0.38711935,0.25653875,0.3285715,-0.29871798,1.6610768,1.9753271,-2.2791924,-0.37431055,-0.7265466,-0.17756626,-0.30342677,0.4994528,-0.68909377,0.21024965,0.03279137,1.9682242,0.22844407,0.5423079,0.4241119,-0.8023828,-0.56761116,-0.53967565,-1.6136876,-0.6705965,-1.1347729,0.8787269,0.4675472,-0.270367,0.57590604,-0.085650116,1.1388502,0.0970469,-0.07125815,0.39632747,0.5241791,1.4322298,-0.95494384,-0.65900695,-0.46389318,-0.44452444,1.45773,-0.51009494,0.990666,0.40153357,-0.06875263,0.01965846,-0.19310431,-0.4229556,0.7032554,1.8366166,0.2272371,-0.7694377,0.15062325,2.239807,-1.3707767,0.7050279,1.3852949,0.573636,0.17663583,1.8724881,1.8041891,0.6643231,2.9097757,0.9687695,-0.7732224,-0.35625702,0.90892226,-0.77359194,-1.673568,-1.3759646,-1.1210021,1.2389747,-0.8569971,-0.07443386,-0.12343438,-0.043707415,1.0470988,-1.3747056,0.24197598,-2.353076,-0.82334363,-0.31521016,-0.26510152,-1.8358315,0.7472333,-1.7061875,0.59039986,-0.11732795,1.1604588,0.0037746846,0.96535605,000043.jpg
43,0.30128098,0.4376656,0.21002571,0.504213,0.43082243,-0.340293,0.4434963,-0.36509222,0.9054967,-1.0366763,2.551324,-0.028796624,1.3962376,-0.19985482,-1.0028111,-0.26486382,0.4772541,0.80864596,-1.7193708,-0.71189225,1.9477398,-1.2848586,-0.3439155,2.1603055,1.6620796,-0.8382582,-1.2721454,1.2148751,1.8146523,-0.85048604,0.26932552,0.06699092,0.41996738,1.0345122,1.8297151,0.7661523,0.5342584,0.072002135,0.5836322,0.26716354,-0.45854312,-0.5511087,-0.115575075,0.39872432,0.02493341,0.7429219,0.5541694,-0.22221027,0.8588915,0.69321686,-0.5293122,0.68274677,-0.23070909,-0.43079987,-2.7025225,1.6953084,0.2177809,1.1117085,-0.8192266,0.40623498,-0.56518346,-0.89736915,-1.1079189,-0.37437746,-1.4885256,2.302051,-0.7002515,0.396033,1.4126271,0.26219597,-0.008643303,0.678875,-0.82433254,-0.95128137,-0.36857516,-0.98189557,-1.2297201,0.76499176,0.8972962,-1.0854105,-1.2656443,1.2596953,0.4624226,0.4984183,-1.0514779,-0.13935369,0.55884033,-0.8427486,-0.14163412,0.3067371,-0.19184248,0.7006239,-0.13582626,-1.0681772,-1.0785342,-0.19207609,-1.1615452,0.6215447,-0.3204409,1.311888,000044.jpg
44,0.23572624,-0.3999745,1.1274644,0.94824916,-1.0656191,0.8420206,0.49834618,-0.5626005,1.6649584,0.34695494,-0.13193317,-0.18294746,0.23244555,-0.05080403,-1.1856401,-1.1684906,-1.5037777,-0.7336683,-1.3129066,-0.66020006,0.41119435,-0.91641784,-0.7568085,0.40004557,-0.6760669,-3.417096,0.07223908,-1.8469303,0.043082036,0.76037276,-0.5039089,0.58431506,-0.54136217,-2.3157082,-0.50819933,0.34950352,0.43332165,0.21737006,1.0722694,-1.531314,-0.94972545,-1.2661948,0.4707548,-1.3135443,-1.1293896,-1.0308297,-0.12950271,-0.7434796,-1.7666638,0.6613937,-0.1283128,-0.7021493,0.6691406,0.8519774,-0.09397267,0.3771538,-1.1897316,-0.38219383,0.69658965,-0.8902998,-0.33798957,0.5776651,0.8317644,-0.13596402,-2.2949905,0.09971479,-0.66935724,0.10306671,0.70791423,-1.4844962,0.8161844,-0.063283764,1.6569537,-0.23821986,-0.29399636,-1.0236282,-1.525393,-0.38235345,1.180491,1.3982997,-1.167209,-0.56050533,1.6416343,-0.6665037,-1.1486549,1.8315719,1.141805,-1.2188547,0.0443222,-0.862453,0.6752777,-0.19796035,-0.5844636,2.03576,-1.422575,0.32418087,-0.33592823,0.81322485,0.8360889,1.6461838,000045.jpg
45,-0.083374605,-1.6260209,1.3110875,-0.18838651,1.4338002,-0.8022032,0.3429317,-0.34088,0.054891873,0.115468256,1.3442957,-1.2054497,-0.7962675,-0.8803167,0.58059734,-0.8727738,1.6908791,0.06353589,1.2845851,-0.2190606,0.03695332,-0.78341645,2.2638857,-0.043149434,-0.68135315,0.47265053,-0.27510577,-2.7902956,-1.6828234,-1.1114879,0.26801965,1.307984,2.4220612,-0.46584943,0.8789824,-0.45128214,-0.25817809,0.40791914,0.34722728,0.7350924,0.73566496,0.7548399,-1.1950898,-0.17165451,0.12324897,0.43876886,0.47012573,0.9711323,0.8391565,-1.2891027,0.24408048,0.17886631,-0.29736307,0.3028453,-1.0271685,-0.8135095,0.45153606,0.027026443,-0.5398143,-1.0079104,-1.0377074,0.17813653,0.51788265,-1.994552,0.1560846,0.2441252,0.3565155,0.97007453,0.07220316,-1.4489906,0.7493073,0.45504826,0.4341419,1.341914,-0.2561376,1.5343814,1.0470942,0.52502316,0.27333975,2.4136782,0.7222844,0.087060966,0.9679333,-0.41298902,0.24581021,-1.1473782,0.9101376,0.1796573,-0.2738693,1.81195,0.890681,0.26256543,0.30782562,0.5735223,-0.27221757,-2.3052697,1.1468674,0.9277715,0.5940376,0.90340936,000046.jpg
46,0.0386414,2.5851278,1.4712524,-0.42302874,0.06473247,-0.6619335,-0.18384136,0.16553147,-0.8010887,-0.6898938,0.2625691,-0.7233598,0.7533019,-0.44291332,-0.15587573,-0.08709341,0.07774096,-0.48348662,2.4393957,-0.5448047,1.7576537,-1.3629909,-1.0010684,-0.14575961,0.30463544,0.44083843,0.89948225,-0.84259945,0.6307952,-0.1647411,-1.2000399,0.96181595,-0.24872193,0.56939644,-0.06729929,1.1442823,-0.70656884,1.7418704,0.9494339,-0.3317202,-1.1824906,0.06260314,-2.1609356,-0.7974212,1.4359328,0.008067955,-0.46812338,-0.08788887,-1.5574653,0.8494224,-1.2471863,0.47572157,0.73258764,-0.2102337,0.6950499,-0.9077662,1.3752803,0.5058802,-0.0651425,-1.5964001,-0.3835921,0.14562039,1.1605227,-0.7494,0.31032,-0.03316136,-0.10396723,1.411533,1.5642484,-0.46975675,-1.4650102,-0.39932847,0.03776333,-0.11644892,0.6280692,-0.25067404,-0.5232451,-0.4186807,-1.2677407,-0.0092705535,-0.493844,-0.5508382,-0.22438498,1.7539868,1.503425,0.77957827,-1.4250029,-0.40990004,-0.027282678,2.2282085,0.012276355,1.3485365,-1.6051217,-1.1844281,1.92836,-0.7937216,0.9731502,0.8769519,-1.8079227,-1.5961946,000047.jpg
47,2.2886994,1.0892177,-0.34725386,0.07529041,1.1237713,-1.50734,-0.49937317,0.736582,-0.33317497,-1.7164463,0.20097026,-1.778872,-0.8472937,0.76300603,-1.3617514,1.8619725,1.083486,0.14665528,-0.39720982,-1.171568,-1.4660131,1.4166462,-0.080820635,0.2966647,-1.8400294,1.197624,0.56697714,-1.3139176,0.68978405,0.52428275,-1.9938813,0.5794912,0.553718,-0.295626,1.1946632,0.32836676,-1.1636045,0.49203137,-1.3445398,-0.09718873,1.2544804,0.81801456,1.0103047,-0.22740565,0.43972883,-1.41284,0.38816988,-0.07864537,-1.6436157,-1.4956937,-0.74797994,-0.4424439,0.21585302,0.10923148,1.6141323,-1.9358578,0.6442262,1.3093143,0.5287125,-1.2166576,1.4307979,-0.18109891,0.12423212,-0.6379919,-0.054881044,-0.4433387,2.515662,0.30819353,-1.3748726,-1.7367493,1.4100074,1.4309806,-1.4283323,0.6458747,0.1928339,0.16260692,-0.27919355,1.472421,-1.2186403,-0.44671145,-0.44050685,0.06618901,0.6428488,-2.0050693,-0.8848453,-0.6766285,-1.0482049,0.393379,0.67848325,2.8724782,-1.2470925,0.58435017,1.3627248,3.2966294,-0.98966926,-0.64124656,1.0617058,-1.1696124,-1.6750638,-0.6798419,000048.jpg
48,-0.63064903,0.20213649,-0.18835536,1.6603379,0.9311794,-1.5839759,0.7164135,0.6902703,-0.6852329,0.3016529,-0.61782646,-3.2331257,-0.1497334,-0.082611665,-1.8313485,0.87988144,-0.5630612,-0.123535626,1.2944489,0.8958313,1.3306469,-0.26439348,1.0641729,0.35859448,0.6385809,1.3852642,0.2525357,1.3639835,-0.4585281,-1.6276525,0.010270981,0.9619347,-1.318707,0.81258035,-1.2368512,-0.5622394,1.025891,-0.9470038,1.2146128,1.1308064,-0.14645325,1.5197014,-1.1311425,-0.84023845,0.054824904,1.8868172,-0.038956124,-0.70677483,0.9701665,-0.9552591,0.12287846,0.8830535,1.3159301,0.31177226,1.0927054,0.134332,-0.08717438,-0.77248126,-0.18306388,-0.12480816,0.84896326,-0.81166613,1.6930037,-0.7693151,-0.3548469,0.20561786,-0.89939505,-1.2028798,-0.7923411,0.30992606,0.035285074,0.6964974,1.041807,0.65464514,0.34748378,-0.4019709,0.28287902,-0.46842042,1.0535579,-0.405121,0.16630015,0.18993147,-1.0222722,2.6988654,-0.8240682,0.88189155,-1.346648,0.2167342,-0.21901383,0.906417,-0.9114632,-0.16605444,0.01175006,-0.6749644,1.4886676,-3.593409,0.26239082,0.42293817,1.4652512,0.38975218,000049.jpg
49,-0.23161456,0.6866765,0.15816683,0.26446867,0.29648197,-0.73480296,1.080777,0.5989208,0.6827611,-0.3126614,1.4504772,-0.7482738,1.435192,0.67185813,0.61732936,-0.11590942,0.048994295,0.51530653,1.4068856,1.2934945,-0.5797746,0.49388036,-0.18984023,-0.042336643,2.7197483,-1.0910431,0.20767447,1.6396722,-0.01206388,0.85703164,2.4369483,-1.312807,-0.5514343,-0.20525067,-0.19845894,0.09709858,-1.8030509,-0.45849594,0.88995147,-0.22967295,1.0333865,0.081763774,-0.60377234,0.6959149,-0.3658224,0.5048803,-0.7779733,-1.0069844,1.9083161,0.2695333,0.75574964,1.3973663,0.48299015,-0.14830014,1.7530533,0.17815939,-1.2431179,0.9551848,2.2584274,-0.4756359,0.7548943,-0.84779847,1.6328334,-0.3441732,1.0214759,0.08719545,0.17334935,2.5488577,-0.78089046,-0.24588037,0.63900566,0.25904834,1.0989166,0.1361893,-0.0019863278,1.6698455,-0.3598388,1.2942702,-0.48194373,0.1556957,-1.3696307,1.2393646,-0.63497597,-0.024813497,-1.6879842,-2.425358,1.262928,0.8431365,-1.6633966,-0.123722404,0.56711143,-0.86462164,0.23738168,-0.11876143,-0.22536814,1.0517579,0.52530754,-0.2562374,0.95898813,-0.22373961,000050.jpg
50,-0.14454506,-0.6234495,0.76296246,-2.1415036,0.80514586,-0.4298979,0.48811013,0.18019308,0.004886348,-1.1243517,0.35695887,-1.6484336,1.8560982,0.65352076,-0.31365547,0.53476006,0.41225013,-1.2684038,-0.6661554,0.9641911,-0.40637398,-0.41219395,-0.26356,-0.013439964,-0.4651958,0.38425258,0.53891563,0.21096231,0.38967472,0.5938211,-2.2219276,-0.14269894,-0.4886336,0.6658766,0.22257125,0.59783405,1.609571,-0.22832982,-1.1934886,-0.41189954,0.576043,0.69078887,1.744367,0.8667918,-0.90977556,1.2570835,1.1637633,0.87761927,-0.67506045,-1.2528373,-1.1629072,0.7696552,-0.67862844,0.5138685,0.4429193,0.68378013,-0.56711674,1.7574819,-0.514178,-0.54051405,-1.0624756,-0.0827408,-0.73376846,1.0919976,-0.41450536,1.5193902,-0.3441355,0.18462302,-0.3328282,-0.66439694,-0.8646866,0.17768528,-0.9706079,0.4652799,0.4033232,1.566836,0.5893084,0.8520969,-0.32134318,-0.046182152,0.71108735,-0.3510272,-0.89705336,0.9253325,0.76780444,1.3483651,0.0039034097,-0.29521808,-0.1350987,0.45749685,-1.1597127,0.404477,0.939236,1.1979982,-0.33164793,0.9422763,-2.015201,-0.5809381,0.44449145,-0.20122172,000051.jpg
51,0.5465472,0.55219835,-1.2674261,-1.7257057,0.2758768,-0.34290072,1.4183885,-0.7485415,0.71339947,0.7019697,2.2201548,-1.0303047,-0.56586677,0.28697574,0.2814168,0.2916076,1.3128899,0.39627042,0.91353375,-0.689311,1.22323,0.26925522,1.4611269,1.7366834,0.37061948,-1.7529172,-1.0429212,0.41425487,-0.84449905,-0.017806517,-1.0412787,-0.95108825,1.5314896,-2.5223222,0.21969822,0.7314401,-0.0955612,1.5992147,1.0198137,-0.7001873,-0.27812862,-0.5571651,0.056182574,0.9924879,0.4064964,-0.5294865,1.5502095,-0.58189076,1.304953,-0.0105697485,0.5858952,-1.4448787,0.36174893,-1.3005992,1.0648233,-2.349395,-0.4451823,-0.26804054,-0.17525245,0.21869972,0.82589406,0.30560568,1.9213436,-1.3073652,0.72719187,-1.2976195,0.7710786,0.5605781,-1.598532,1.2825781,0.0842112,0.48968288,-0.6469793,-0.31426474,1.8255336,0.28894225,-0.53530705,1.6960746,0.48091564,0.28629875,-1.540407,1.4053527,-0.23992686,0.1705345,1.6174242,-1.0731994,0.25132388,-0.57996213,-1.5425434,-0.7444836,0.8849623,-0.5817492,-0.13436143,-0.4437073,-0.982798,2.1669924,0.59316665,-1.4772842,-1.4595858,-0.78712463,000052.jpg
52,0.4727465,-0.77123374,-0.8368816,0.4492769,0.357271,-0.9106738,0.64521694,0.13172506,-1.347756,0.49998927,1.153444,-0.1759445,-1.2990334,1.4725994,1.6217754,-0.12353305,0.4893427,0.7266028,-0.30201933,-1.0009868,-1.2018358,-0.8435813,-0.0050451513,-0.7047112,1.4283259,-0.11527077,0.020302966,-1.3007283,-0.051967643,0.30785182,-0.4188767,2.1351898,1.1881752,-1.4010081,-1.5600443,-0.26009002,0.3785948,-1.2213105,1.1050884,2.2255454,-0.07997545,0.11683161,0.41410664,1.7466525,-0.23295093,-0.036223985,-0.06947239,0.08674284,-1.2277044,1.3021187,0.11519012,0.11741074,0.30628324,0.74494016,0.52075404,2.2158606,0.037656806,1.0205178,0.6398927,1.2726609,-0.90927994,0.054429766,-0.08716159,-0.71388704,0.7578617,-0.29313084,0.9991863,-0.826596,0.9151464,0.020089282,-0.91517466,-0.17137054,1.1542548,-0.8548994,-0.7339178,-0.23172112,0.41124052,1.4664842,-0.5348306,1.0576532,-0.16345479,1.6079279,-0.32535276,-1.308095,0.9437362,-0.5859861,-2.0457597,-1.1521112,-0.3391487,-0.6022932,-1.1226816,0.8145731,1.2544099,0.8185042,-1.046933,1.5123906,0.14334458,0.26621944,0.49731198,0.21996114,000053.jpg
53,1.5396022,-0.64840883,-0.36377326,0.39371967,0.3156877,-0.04029751,-0.95365155,-0.21362646,1.1679798,-0.3028097,1.1687925,-0.08640294,-0.3798015,-0.20546584,0.41436318,1.4938359,0.08804311,0.7145107,-0.44267517,-0.5217763,3.3508785,0.033588007,1.1182505,1.3345422,1.0440091,-1.3236356,-0.55872566,1.0711098,-2.1241102,0.83031553,1.9294657,0.5619948,0.52709377,-0.6326466,1.6428039,-0.51236403,-2.4213939,0.61597395,-0.16602279,1.2628993,2.811351,1.0959778,-0.55251086,-0.31379077,-0.35546476,2.6149993,-0.925891,1.241856,-0.8904572,-1.6581615,0.120116524,1.3203583,0.12648112,-0.09171736,-0.48748943,-0.1999208,0.3577886,0.89564294,-1.5052129,0.7151448,1.7788023,0.80270207,1.0914489,-0.12734237,-0.20730995,0.81005704,-1.0566708,-0.7937266,0.22925463,-0.5544087,-0.5417203,-3.0570412,1.4975177,-0.702508,0.12770875,-0.10078105,-1.0583643,0.016274944,1.1671463,0.010176287,0.33397186,-1.7978284,-0.14037935,-0.196725,-0.3773918,-0.02382167,0.24228595,0.02606858,-0.0926735,0.1799427,-0.71268076,-1.1144629,0.8534939,-0.17123309,0.5626018,0.15120155,1.2569485,-0.07410576,-1.5730102,0.24684519,000054.jpg
54,-0.42972344,0.41179174,0.8145281,0.76086277,-0.90597,0.15710169,1.7370507,-1.2832552,-0.06648382,-0.8825098,-0.46935773,1.344979,-0.47999305,-0.2209399,-1.1487805,-0.1963672,-0.64666134,0.26672763,1.1294152,-0.5650543,1.051663,0.59348685,-1.1502882,-0.349464,-0.93248224,-1.6431738,-0.81789327,2.0414255,-0.68229544,0.20707172,0.92496276,-0.9960781,0.10927995,-1.1408316,-1.0814369,0.15029927,0.87780875,-1.4904684,-0.5261159,-1.4896294,-1.0022539,-0.5220993,-1.3828017,-0.8357272,-0.95492244,-0.22258733,-1.2639052,0.59908247,0.41779846,-1.8825551,-0.9365694,0.8887147,-2.5527759,-1.4109704,-1.179775,-1.1147499,1.0343446,-1.0035036,-1.7507702,-1.5108865,0.35353145,-0.44757178,-0.85701674,-1.0593024,-0.34054294,1.191043,0.44983476,1.8593897,-1.1513321,0.05004543,0.7030013,0.17211273,-0.5053848,-0.18776606,0.4830474,0.5126255,0.29693338,0.041207384,-0.37084764,-0.15573737,-0.4927887,1.5273812,-1.5841454,1.0847316,-0.55368704,-0.85161173,0.34135473,-0.93139017,-0.0044738506,-1.1216395,0.9571662,1.26873,1.1237471,0.124115504,0.27419683,-1.4681025,0.49177465,-0.43823114,-2.0601742,-0.35502985,000055.jpg
55,1.7128351,0.005835473,-0.8530813,0.74635345,-0.17113875,-0.9447898,0.20276444,0.55066186,-0.51974016,-1.0706822,-1.0818881,-1.2312799,0.5146838,1.845663,-0.2720737,0.5337424,1.2916878,0.1156051,-0.2580002,-1.0387253,-0.23413697,-0.38651818,1.6943084,-1.4066373,-0.4648581,-0.7946231,-1.9132949,-1.4657896,0.037784114,-0.78186876,-2.6887176,-0.6322904,2.0937345,0.17051779,-1.0251538,-0.8846533,0.68408674,-0.60647,0.6052064,-0.27855593,0.81441355,0.33346072,-0.44316295,1.1118392,1.2313339,0.93851066,-0.27397314,0.61956066,-0.6865267,0.25570443,0.83227366,-0.09470657,2.573047,0.63546264,-0.25484207,-0.43409124,2.174407,1.5036982,1.1075289,-0.038562655,-0.07884922,0.33498067,-0.758581,-2.3312085,-0.8020435,0.29135033,0.30580428,1.7628407,-1.5817435,0.93995494,-0.611135,-0.24655232,-0.69218254,-1.2261767,0.7606428,-0.047650322,1.9549363,1.0113299,1.506596,0.030503046,-0.30381998,0.16664138,-1.591983,1.6394947,0.3485671,-0.365496,-0.2138944,-1.6000115,0.25187996,-0.23581587,0.5023601,0.06522237,0.81799287,-1.4151745,1.9776267,1.0664425,0.5516304,-1.2010723,0.3956939,0.5424205,000056.jpg
56,0.07288192,-1.1571543,-0.9082047,-0.9382813,-0.047337502,0.1963809,1.948925,-0.72076863,-0.9425368,0.45520514,-1.7461162,0.70372766,-1.6572684,1.8310785,-0.5299717,0.66321594,-0.79497033,-0.76725304,-0.69918174,0.55758995,-1.996636,-2.8658395,0.5734475,1.4016238,0.10508985,-0.070644595,-0.27981198,-0.9131943,1.0005329,0.058695357,0.7131937,0.34423512,1.2573605,0.8696415,1.1588752,-0.06029707,1.3329504,-0.030045979,0.62196225,0.85677826,-0.43293983,-0.8325519,0.8109959,1.294084,0.64380896,0.87593204,0.115151584,-0.50869805,-0.01970989,0.11700521,-0.0626258,0.31014714,1.4708065,0.09472523,-0.06913409,-0.53315425,0.34366602,-0.20776173,1.7170693,1.7151744,2.373308,-1.2959734,-1.291731,0.010418432,1.6273842,-1.3317659,-0.19205879,0.30463934,-1.0342964,-0.36934942,0.8589776,2.3402252,-0.17404522,-1.6754248,-1.4008365,0.46988007,-0.8330622,-0.36356002,-0.1516716,0.8066414,-1.1660485,-0.4544121,2.428156,-1.0457819,0.08449362,-0.89116853,-1.4678997,1.0127598,-0.73785776,0.26106456,-0.6729978,-0.41505387,-0.74891573,0.0671094,0.8754933,-0.547265,-0.002644096,-0.5890608,0.6606592,-0.37464148,000057.jpg
57,0.7037602,-0.9676472,-0.73925894,-0.06989858,0.36606503,0.29354548,-0.49697965,-0.48817614,-2.2845387,2.2012594,0.6713754,-0.4598964,0.43001485,-1.0574038,-0.15100792,-0.26301152,0.5181312,0.14019825,0.20160733,-0.12775537,1.2933381,-0.98855394,-0.019327274,2.470028,-0.46630353,-0.62896615,-3.0786495,-1.5716454,0.23832427,-2.027938,0.71434104,1.221734,1.0062702,0.6589157,-0.16592057,0.77342033,-0.77529997,-0.10597793,-1.2997894,-0.40676737,-0.43730152,1.0837039,-1.1509143,-0.8351527,0.5014933,0.7247672,0.7844009,-1.8859704,1.0662352,-0.077669576,-0.49551868,-0.4537325,0.7357617,-0.7242742,-0.9829968,-2.3059225,1.3985962,-0.21898924,-1.7387942,0.18676063,0.31004238,0.4842456,0.6556422,-1.0718566,0.5750673,0.45535463,1.3903514,0.3803172,-0.70881826,-0.14368047,-0.08754851,0.6126843,0.054407906,0.35788026,0.3628077,2.4142883,-0.27098626,-0.4421089,-0.556147,1.6838423,1.0259914,-0.52115923,-0.58338356,-0.9294691,0.36530328,-0.32072648,-0.46044648,0.7175115,-0.18013476,0.2728451,0.5475758,-1.5066583,-1.531614,-0.51836663,-0.51330894,-1.9279193,-1.782643,-0.321785,1.4229652,-0.117657095,000058.jpg
58,0.017595759,-0.037988175,0.8311537,-0.43319923,0.19855854,-0.36560875,-0.14692912,-0.26133284,0.19826263,1.940461,-0.80247563,-0.96383226,-0.6403105,-0.9098867,1.6387321,-0.29610878,-0.8837086,-2.2782438,-0.44019067,-0.33634356,0.3620635,0.04105041,-0.16553807,0.54991525,0.36479607,0.47597393,0.4300438,-0.33131495,1.1183712,-1.9297305,-0.26733822,0.162097,0.18999663,0.78888625,-0.7158933,-1.3071263,-0.29286945,0.6823733,1.1014174,0.93739134,-0.34814918,-1.2355528,-1.7189285,0.29724807,1.016554,-0.54727095,1.3858477,-1.2909182,-0.803776,-0.6458637,-2.1296918,-0.5996572,-0.13078839,-0.101304755,-0.5607284,-0.256258,-1.5271697,-0.32568938,-0.27808216,-0.0384812,0.5119158,-0.51568526,-0.44639674,0.5817824,-0.48804113,0.29587075,-0.2747598,-1.4097989,-0.74681485,-0.67670053,0.6638532,-1.2469529,-0.8206043,-0.35288683,0.7629058,-0.8190896,1.5764344,0.25324148,1.6406189,0.5153638,0.06021051,1.5280552,0.25243923,0.21916223,-0.11342099,-1.0989677,-0.70619535,-0.07268805,0.7696353,0.05750535,-0.4762252,0.35097507,0.019168194,2.3540242,-0.68977517,0.3668983,0.49932882,-0.9379185,0.29870248,0.21102566,000059.jpg
59,1.0371563,0.1885034,0.5173087,-0.6687701,-0.84056807,0.5984131,-0.4479653,0.44105637,-0.37675798,-0.86399305,0.49320126,-2.7074525,-0.1439499,-0.52019197,-0.17134121,0.9645383,-1.3599306,0.03894143,-1.4191751,0.001472083,-2.3228438,1.49195,1.2550844,0.8092985,0.48044795,-1.6995966,0.0695647,0.6634752,-0.6212559,0.24184424,1.7884492,-0.80477923,-2.1332548,-0.7799404,0.25923613,0.59460354,-1.4004358,0.50066125,1.0120534,2.355655,-0.48526457,0.764133,-0.57496065,-0.69614404,-1.1322631,0.3553348,-1.4708695,1.1896853,-0.27504635,-1.3321158,0.045276076,0.32197425,-0.84840137,0.5962621,1.0353935,-1.5982982,0.8900606,-0.35699016,-0.15658624,-1.3732136,0.8623243,0.0114862295,0.03870946,-0.38777763,1.4038645,-0.2239864,1.548558,-1.0036145,-0.37195978,-0.32266477,1.4759849,-0.27789435,-0.69900596,-0.027408507,0.15656441,-0.66453946,0.41329652,-0.25778297,0.85426044,-0.11284964,-0.56515926,0.21952182,-2.245577,0.8903608,-1.3340385,-0.2922986,0.91493326,-0.08035053,-0.265872,-0.44694093,-0.29473373,-1.5460213,-0.6365509,-0.30366617,1.5378839,-0.29522052,-1.38975,0.37269554,1.0609826,0.7337515,000060.jpg
60,0.8092058,-0.5254828,0.64262456,-0.24787426,1.1329894,-0.60161453,0.93721426,0.29424435,-1.2072943,1.3671443,-0.6403177,-1.4199941,-0.74415123,0.06877708,-0.42331812,1.1593574,0.5036373,-0.8298715,-1.1415575,-1.2374687,0.67377263,1.2703488,0.42054597,0.38991407,2.230924,-0.50847816,0.068768814,0.8271834,0.16193815,-0.1507375,-2.0172472,0.250198,2.516967,-0.9848088,0.28141138,1.1265608,-1.2206062,0.8926109,-0.3355256,-0.85241866,1.0178648,-0.18867457,-0.5681596,0.9022101,0.81748396,-0.04970337,0.7592215,-0.4833996,1.3276645,1.1515344,0.10850907,-1.2489804,-1.1626401,-0.120626286,2.047303,2.1792145,0.51524556,0.5336906,0.18938033,1.4574912,-0.3072961,-1.6799538,0.057112634,-1.5167723,0.21404146,0.032124776,2.443447,0.7621186,-1.9276751,-0.81974846,-0.24562787,-1.020493,-0.72358596,-1.1224525,-1.2034031,1.0851983,0.5946518,1.4785733,-0.54846174,-0.5145992,-1.1242998,-1.0027269,-0.6895888,-0.51953375,0.09317345,0.23709852,1.3968188,2.109612,-0.16574919,-0.29646298,-0.9217354,-0.96880025,1.4688232,-0.73987764,-0.66369885,0.8921568,1.3135484,0.32982498,0.25334132,-0.6789934,000061.jpg
61,-0.5946959,0.88642514,-0.93851024,-0.027664572,1.4050064,-0.7098803,1.1152275,1.2434927,-0.43181878,1.585126,-0.85465616,0.28444666,0.40436164,-0.64196134,2.0099275,0.016357705,-0.70715606,0.22427706,-0.27394715,1.4770274,2.4337568,1.2149792,1.7536305,-0.038887765,0.069824144,-0.7165915,1.265251,-0.9306624,0.45014152,0.3388518,-2.243162,-0.3743087,1.0568411,1.5225444,1.0851316,-1.3203151,-1.8950534,-1.4656725,1.206501,-0.65324694,0.77540326,-0.103457876,1.5262793,-0.9011397,1.1757704,-0.18869634,0.09829664,0.92186564,-0.21980467,0.32506764,0.42221186,0.40931126,-1.6334189,0.23499526,-1.5322794,-1.2695065,-0.41920367,1.3718239,-0.22832623,1.0066032,-0.58861697,-0.97334427,-1.9443247,0.89680016,0.23546077,-2.0968401,0.8926293,-0.5328083,1.7726333,-0.47249386,0.41722807,-0.3113215,0.8043804,0.7542616,-0.77977264,0.77579725,-0.256854,-0.18676145,-0.9629342,0.48487282,-0.98368627,-1.3691669,-0.54068094,1.8409867,0.18927114,-0.29703495,-0.6904828,1.7031652,-0.864253,-0.5442151,0.50599205,0.00033747745,1.211606,-0.43868792,0.41269514,0.57308465,-0.05820116,-0.30218455,0.58691204,-0.30397838,000062.jpg
62,-0.58342147,0.6036306,-0.93217266,1.3621525,0.47594574,-0.2616291,2.4422338,-0.4065014,1.3104191,-0.60226506,1.0324131,1.54093,1.798871,0.011959817,0.21605726,1.5614655,0.1111175,0.5006663,2.2694216,-0.16161127,1.4174275,0.3230868,1.9911417,-0.7469334,0.5639923,0.66153216,-0.8144144,1.2924429,-0.11537171,0.18650886,1.5669175,-1.2332225,1.8910278,-1.3745106,-0.536198,0.76264465,0.39347392,0.5424605,0.565313,-1.0387079,0.7232752,0.42090648,-0.61572576,-0.035573527,-1.3285873,-0.13800299,-0.7448854,1.596761,1.2957958,-0.294927,-0.3919487,-0.02400633,-0.09736774,2.854642,0.38670057,-0.9374454,-1.416062,1.0447904,0.2532867,0.843244,0.58968586,0.8577622,-0.31462452,-0.6208484,0.7464493,-0.061488654,-1.0602843,-1.2760274,-0.8265917,-0.19004838,1.0077888,-0.273219,-1.2641913,-1.1439654,-0.081870936,-0.8393699,-0.8653753,0.2983119,-0.18791822,0.101109914,0.8870797,0.48479617,0.9226219,-1.2094117,1.3540682,-0.49942204,0.38716507,-1.0740241,-1.76713,-0.014119673,-0.35366905,1.4335842,0.9565915,1.4204701,0.5766661,0.9309507,0.84845996,0.6691828,-0.37373194,-1.6596972,000063.jpg
63,-0.7037208,-1.5760401,-0.63270766,-0.34113792,1.185183,-0.20202655,0.90121853,1.2987349,-0.42631325,0.7434358,-1.1575018,-1.2546285,1.8027209,-0.111540854,1.4089355,-0.1126532,-0.9777318,-0.05016354,-0.31906265,0.7449489,0.9131484,1.0777404,0.7492313,1.7049259,1.7186944,0.59629226,-0.16676024,-0.066937536,-0.0014090987,0.8026288,-1.8454782,0.21221556,-0.20080054,1.04846,1.6685809,-1.5170698,0.7815065,-0.35168177,0.1031703,-1.0625279,0.6432513,1.133857,-0.016140595,1.3372388,-1.5811591,-1.878094,0.043961644,-1.0740646,1.5781515,0.24967967,-0.40787143,1.2883964,-0.3201715,-1.4605294,-0.89172417,0.2974253,-1.1026444,0.9692964,0.69295716,-0.27409202,-1.0287137,-0.08245461,0.31055585,-1.6944238,0.942302,-0.45701668,-1.5659106,-0.5071563,1.2103978,-0.94147825,-0.106016845,1.3828024,1.6449728,0.9101868,-0.7072261,-0.894245,-0.7655729,0.4076536,1.3042312,-2.1035967,-1.0076094,0.34872663,0.75823057,-0.15268913,0.06395503,1.2002579,-0.3096876,1.4158868,0.91214436,0.67971146,0.3807517,0.84466726,0.009191964,-0.62502897,-0.2857641,-0.27608338,0.918606,0.6006779,-0.8099985,0.38769293,000064.jpg
